Команда			"Длина
Байт"	Байты параметров, начиная с 1. Байт 0 - ID команды									
ID	Название	Описание		1	2	3	4	5	6	7	8	9	10
0x01	ScriptInit	Параметры скрипта. Является первой командой любого скрипта. Режим: 0 = 4 x uint8, 1 = 1 x int32	6	Режим	Data1	Data2	Data3	Data4					
0x02	TriggerParseReg	Парсим входные параметры триггера и записываем результат в регистр	4	ID регистра	Тип данных	Смещение							
													
0x03	SetScriptArgVal	Установить доп. байты для скрипта	7	ID скрипта = CAN ID		Data1	Data2	Data3	Data4				
0x04	SetScriptArgReg8	Установить доп. байты для скрипта. Эту команду запрещено использовать юзерам	7	ID скрипта = CAN ID		ID регистра	ID регистра	ID регистра	ID регистра				
0x05	SetScriptArgReg32	Установить доп. байты для скрипта. Регистр распаковывается в 4 байта автоматически	4	ID скрипта = CAN ID		ID регистра							
													
0x10	IfRegValEqu	Условие сравнения указанного регистра с указанным значением. Операция ==	8	ID регистра	Значение, 4 байта, знаковое				Адрес перехода при false				
0x11	IfRegRegEqu	Условие сравнения указанного регистра с указанным регистром. Операция ==	5	ID регистра	ID регистра	Адрес перехода при false							
0x12	IfRegValNeq	Условие сравнения указанного регистра с указанным значением. Операция !=	8	ID регистра	Значение, 4 байта, знаковое				Адрес перехода при false				
0x13	IfRegRegNeq	Условие сравнения указанного регистра с указанным регистром. Операция !=	5	ID регистра	ID регистра	Адрес перехода при false							
0x14	IfRegValLss	Условие сравнения указанного регистра с указанным значением. Операция <	8	ID регистра	Значение, 4 байта, знаковое				Адрес перехода при false				
0x15	IfRegRegLss	Условие сравнения указанного регистра с указанным регистром. Операция <	5	ID регистра	ID регистра	Адрес перехода при false							
0x16	IfRegValLeq	Условие сравнения указанного регистра с указанным значением. Операция <=	8	ID регистра	Значение, 4 байта, знаковое				Адрес перехода при false				
0x17	IfRegRegLeq	Условие сравнения указанного регистра с указанным регистром. Операция <=	5	ID регистра	ID регистра	Адрес перехода при false							
0x18	IfRegValGtr	Условие сравнения указанного регистра с указанным значением. Операция >	8	ID регистра	Значение, 4 байта, знаковое				Адрес перехода при false				
0x19	IfRegRegGtr	Условие сравнения указанного регистра с указанным регистром. Операция >	5	ID регистра	ID регистра	Адрес перехода при false							
0x1A	IfRegValGeq	Условие сравнения указанного регистра с указанным значением. Операция >=	8	ID регистра	Значение, 4 байта, знаковое				Адрес перехода при false				
0x1B	IfRegRegGeq	Условие сравнения указанного регистра с указанным регистром. Операция >=	5	ID регистра	ID регистра	Адрес перехода при false							
													
0x30	SetRegVal	Установить значение в указанный регистр	6	ID регистра	Значение, 4 байта, знаковое								
0x31	SetRegReg	Установить значение в первый регистр со второго	3	ID регистра	ID регистра								
													
0x40	IncReg	Инкремент значения в регистре	2	ID регистра									
0x41	DecReg	Декремент значения в регистре	2	ID регистра									
0x42	NegReg	Смена знака значения в регистре (унарный минус). Результат в регистре	2	ID регистра									
0x43	AddRegVal	Выполнить сложение числа в регистре с указанным числом. Результат в регистре	6	ID регистра	Значение, 4 байта, знаковое								
0x44	AddRegReg	Выполнить сложение числа в регистре 1 с регистре 2. Результат в регистре 1	3	ID регистра	ID регистра								
0x45	SubRegVal	Выполнить вычитание числа в регистре с указанным числом. Результат в регистре	6	ID регистра	Значение, 4 байта, знаковое								
0x46	SubRegReg	Выполнить вычитание числа в регистре 1 с регистре 2. Результат в регистре 1	3	ID регистра	ID регистра								
0x47	MulRegVal	Выполнить умножение числа в регистре с указанным числом. Результат в регистре	6	ID регистра	Значение, 4 байта, знаковое								
0x48	MulRegReg	Выполнить умножение числа в регистре 1 с регистре 2. Результат в регистре 1	3	ID регистра	ID регистра								
0x49	DivRegVal	Выполнить деление числа в регистре с указанным числом. Результат в регистре	6	ID регистра	Значение, 4 байта, знаковое								
0x4A	DivRegReg	Выполнить деление числа в регистре 1 с регистре 2. Результат в регистре 1	3	ID регистра	ID регистра								
0x4B	ModRegVal	Выполнить взятие остатка от деления числа в регистре на указанное число. Результат в регистре	6	ID регистра	Значение, 4 байта, знаковое								
0x4C	ModRegReg	Выполнить взятие остатка от деления числа в регистре 1 на число в регистре 2. Результат в регистре 1	3	ID регистра	ID регистра								
													
0x60	NotReg	Операция НЕ значения в регистре	2	ID регистра									
0x61	AndRegVal	Выполнить операцию И между регистром и значением. Результат в регистре 1	6	ID регистра	Значение, 4 байта, знаковое								
0x62	AndRegReg	Выполнить операцию И между регистром и регистром. Результат в регистре 1	3	ID регистра	ID регистра								
0x63	OrRegVal	Выполнить операцию ИЛИ между регистром и значением. Результат в регистре 1	6	ID регистра	Значение, 4 байта, знаковое								
0x64	OrRegReg	Выполнить операцию ИЛИ между регистром и регистром. Результат в регистре 1	3	ID регистра	ID регистра								
0x65	XorRegVal	Выполнить операцию исключающее ИЛИ между регистром и значением. Результат в регистре 1	6	ID регистра	Значение, 4 байта, знаковое								
0x66	XorRegReg	Выполнить операцию исключающее ИЛИ между регистром и регистром. Результат в регистре 1	3	ID регистра	ID регистра								
													
0x70	ShiftLeftReg	Выполнить левый сдвиг над числом в регистре. Результат в регистре	3	ID регистра	Кол-во бит								
0x71	ShiftRightReg	Выполнить правый сдвиг над числом в регистре. Результат в регистре	3	ID регистра	Кол-во бит								
													
0x80	Goto	Перейти по указанному адресу в рамках текущего скрипта	3	Адрес перехода, 2 байта									
0x81	Run	Запустить скрипт с указанным ID	7	ID скрипта = CAN ID		?	?	?	?				
0x82	Exit	Выйти из скрипта	1										
													
0xA0	CanSendRaw11	Отправить в CAN пакет, который полностью описан в параметрах. ID 11 бит	11	1x[Length]  3x[CAN_ID]		Data0	Data1	Data2	Data3	Data4	Data5	Data6	Data7
0xA1	CanSendRegVal11	Отправить в CAN пакет, где ID,fID в параметрах, а данные в регистре. ID 11 бит	8	1x[Length]  3x[CAN_ID]		FunctionID	Тип данных	ID регистра	ID регистра	ID регистра			
													
	SetWait												
